formula_key,brand,formula_name,species,format,status,missing_fields,evidence_path,duplicate_blocks_skipped,recommended_action,notes
schesir-schesir-fruit-adult-dog-με-κοτοπουλο-μηλο-dog-wet-gr-ods,Schesir,Schesir Fruit Adult Dog με Κοτόπουλο & Μήλο,dog,wet,needs_review,kcal_per_100g_or_kcal_per_kg|data_source_url_or_official_evidence,C:/Users/NIOstb/Desktop/photo_foods_nutritail/Schesir - Gheda Marketplace.ods,0,"Attach official URL or label photo, verify extracted nutrients/ingredients, then preview in Food V2 before commit.",Marketplace ODS extraction; rows stay in review because provenance is uploaded ODS only.
schesir-schesir-fruit-adult-dog-με-κοτοπουλο-παπαγια-dog-wet-gr-ods,Schesir,Schesir Fruit Adult Dog με Κοτόπουλο & Παπάγια,dog,wet,needs_review,kcal_per_100g_or_kcal_per_kg|data_source_url_or_official_evidence,C:/Users/NIOstb/Desktop/photo_foods_nutritail/Schesir - Gheda Marketplace.ods,0,"Attach official URL or label photo, verify extracted nutrients/ingredients, then preview in Food V2 before commit.",Marketplace ODS extraction; rows stay in review because provenance is uploaded ODS only.
schesir-schesir-adult-dog-με-κοτοπουλο-αλοη-σε-ζελε-dog-wet-gr-ods,Schesir,Schesir Adult Dog με Κοτόπουλο & Αλόη σε Ζελέ,dog,wet,needs_review,kcal_per_100g_or_kcal_per_kg|data_source_url_or_official_evidence,C:/Users/NIOstb/Desktop/photo_foods_nutritail/Schesir - Gheda Marketplace.ods,0,"Attach official URL or label photo, verify extracted nutrients/ingredients, then preview in Food V2 before commit.",Marketplace ODS extraction; rows stay in review because provenance is uploaded ODS only.
schesir-schesir-adult-dog-με-τονο-σε-ζελε-dog-wet-gr-ods,Schesir,Schesir Adult Dog με Τόνο σε Ζελέ,dog,wet,needs_review,kcal_per_100g_or_kcal_per_kg|data_source_url_or_official_evidence,C:/Users/NIOstb/Desktop/photo_foods_nutritail/Schesir - Gheda Marketplace.ods,0,"Attach official URL or label photo, verify extracted nutrients/ingredients, then preview in Food V2 before commit.",Marketplace ODS extraction; rows stay in review because provenance is uploaded ODS only.
schesir-schesir-adult-dog-με-φιλετο-κοτοπουλο-μοσχαρι-σε-ζελε-dog-wet-gr-ods,Schesir,Schesir Adult Dog με φιλέτο Κοτόπουλο & Μοσχάρι σε Ζελέ,dog,wet,needs_review,data_source_url_or_official_evidence,C:/Users/NIOstb/Desktop/photo_foods_nutritail/Schesir - Gheda Marketplace.ods,0,"Attach official URL or label photo, verify extracted nutrients/ingredients, then preview in Food V2 before commit.",Marketplace ODS extraction; rows stay in review because provenance is uploaded ODS only.
schesir-schesir-adult-dog-με-φιλετο-κοτοπουλο-προσουτο-σε-ζελε-dog-wet-gr-ods,Schesir,Schesir Adult Dog με φιλέτο Κοτόπουλο & Προσούτο σε Ζελέ,dog,wet,needs_review,data_source_url_or_official_evidence,C:/Users/NIOstb/Desktop/photo_foods_nutritail/Schesir - Gheda Marketplace.ods,0,"Attach official URL or label photo, verify extracted nutrients/ingredients, then preview in Food V2 before commit.",Marketplace ODS extraction; rows stay in review because provenance is uploaded ODS only.
schesir-schesir-adult-dog-με-φιλετο-κοτοπουλο-σε-ζελε-dog-wet-gr-ods,Schesir,Schesir Adult Dog με φιλέτο Κοτόπουλο σε Ζελέ,dog,wet,needs_review,data_source_url_or_official_evidence,C:/Users/NIOstb/Desktop/photo_foods_nutritail/Schesir - Gheda Marketplace.ods,0,"Attach official URL or label photo, verify extracted nutrients/ingredients, then preview in Food V2 before commit.",Marketplace ODS extraction; rows stay in review because provenance is uploaded ODS only.
schesir-schesir-puppy-με-κοτοπουλο-αλοη-σε-ζελε-dog-wet-gr-ods,Schesir,Schesir Puppy με Κοτόπουλο & Αλόη σε Ζελέ,dog,wet,needs_review,kcal_per_100g_or_kcal_per_kg|data_source_url_or_official_evidence,C:/Users/NIOstb/Desktop/photo_foods_nutritail/Schesir - Gheda Marketplace.ods,0,"Attach official URL or label photo, verify extracted nutrients/ingredients, then preview in Food V2 before commit.",Marketplace ODS extraction; rows stay in review because provenance is uploaded ODS only.
schesir-schesir-puppy-με-τονο-αλοη-σε-ζελε-dog-wet-gr-ods,Schesir,Schesir Puppy με Τόνο & Αλόη σε Ζελέ,dog,wet,needs_review,kcal_per_100g_or_kcal_per_kg|data_source_url_or_official_evidence,C:/Users/NIOstb/Desktop/photo_foods_nutritail/Schesir - Gheda Marketplace.ods,0,"Attach official URL or label photo, verify extracted nutrients/ingredients, then preview in Food V2 before commit.",Marketplace ODS extraction; rows stay in review because provenance is uploaded ODS only.
schesir-schesir-fruit-adult-dog-με-κοτοπουλο-ανανα-dog-wet-gr-ods,Schesir,Schesir Fruit Adult Dog με Κοτόπουλο & Ανανά,dog,wet,needs_review,kcal_per_100g_or_kcal_per_kg|data_source_url_or_official_evidence,C:/Users/NIOstb/Desktop/photo_foods_nutritail/Schesir - Gheda Marketplace.ods,0,"Attach official URL or label photo, verify extracted nutrients/ingredients, then preview in Food V2 before commit.",Marketplace ODS extraction; rows stay in review because provenance is uploaded ODS only.
schesir-schesir-adult-dog-με-κοτοπουλο-καροτα-dog-wet-gr-ods,Schesir,Schesir Adult Dog με Κοτόπουλο & Καρότα,dog,wet,needs_review,kcal_per_100g_or_kcal_per_kg|data_source_url_or_official_evidence,C:/Users/NIOstb/Desktop/photo_foods_nutritail/Schesir - Gheda Marketplace.ods,0,"Attach official URL or label photo, verify extracted nutrients/ingredients, then preview in Food V2 before commit.",Marketplace ODS extraction; rows stay in review because provenance is uploaded ODS only.
schesir-schesir-adult-dog-με-κοτοπουλο-κολοκυθα-dog-wet-gr-ods,Schesir,Schesir Adult Dog με Κοτόπουλο & Κολοκύθα,dog,wet,needs_review,kcal_per_100g_or_kcal_per_kg|data_source_url_or_official_evidence,C:/Users/NIOstb/Desktop/photo_foods_nutritail/Schesir - Gheda Marketplace.ods,0,"Attach official URL or label photo, verify extracted nutrients/ingredients, then preview in Food V2 before commit.",Marketplace ODS extraction; rows stay in review because provenance is uploaded ODS only.
schesir-schesir-adult-dog-με-κοτοπουλο-μπιζελια-dog-wet-gr-ods,Schesir,Schesir Adult Dog με Κοτόπουλο & Μπιζέλια,dog,wet,needs_review,kcal_per_100g_or_kcal_per_kg|data_source_url_or_official_evidence,C:/Users/NIOstb/Desktop/photo_foods_nutritail/Schesir - Gheda Marketplace.ods,0,"Attach official URL or label photo, verify extracted nutrients/ingredients, then preview in Food V2 before commit.",Marketplace ODS extraction; rows stay in review because provenance is uploaded ODS only.
schesir-schesir-adult-dog-με-κοτοπουλο-πατατες-dog-wet-gr-ods,Schesir,Schesir Adult Dog με Κοτόπουλο & Πατάτες,dog,wet,needs_review,kcal_per_100g_or_kcal_per_kg|data_source_url_or_official_evidence,C:/Users/NIOstb/Desktop/photo_foods_nutritail/Schesir - Gheda Marketplace.ods,0,"Attach official URL or label photo, verify extracted nutrients/ingredients, then preview in Food V2 before commit.",Marketplace ODS extraction; rows stay in review because provenance is uploaded ODS only.
schesir-schesir-adult-dog-με-κοτοπουλο-σπανακι-dog-wet-gr-ods,Schesir,Schesir Adult Dog με Κοτόπουλο & Σπανάκι,dog,wet,needs_review,kcal_per_100g_or_kcal_per_kg|data_source_url_or_official_evidence,C:/Users/NIOstb/Desktop/photo_foods_nutritail/Schesir - Gheda Marketplace.ods,0,"Attach official URL or label photo, verify extracted nutrients/ingredients, then preview in Food V2 before commit.",Marketplace ODS extraction; rows stay in review because provenance is uploaded ODS only.
schesir-schesir-adult-dog-με-τονο-καροτα-dog-wet-gr-ods,Schesir,Schesir Adult Dog με Τόνο & Καρότα,dog,wet,needs_review,kcal_per_100g_or_kcal_per_kg|data_source_url_or_official_evidence,C:/Users/NIOstb/Desktop/photo_foods_nutritail/Schesir - Gheda Marketplace.ods,0,"Attach official URL or label photo, verify extracted nutrients/ingredients, then preview in Food V2 before commit.",Marketplace ODS extraction; rows stay in review because provenance is uploaded ODS only.
unica-natura-unica-natura-all-breed-adult-monoprotein-πατε-με-κοτοπουλο-dog-wet-gr-ods,Unica Natura,Unica Natura All Breed Adult Monoprotein Πατέ με Κοτόπουλο,dog,wet,needs_review,kcal_per_100g_or_kcal_per_kg|data_source_url_or_official_evidence|protein_percent|fat_percent|fiber_percent,C:/Users/NIOstb/Desktop/photo_foods_nutritail/Schesir - Gheda Marketplace.ods,0,"Attach official URL or label photo, verify extracted nutrients/ingredients, then preview in Food V2 before commit.",Marketplace ODS extraction; rows stay in review because provenance is uploaded ODS only.
unica-natura-unica-natura-all-breed-adult-monoprotein-πατε-με-χοιρινο-dog-wet-gr-ods,Unica Natura,Unica Natura All Breed Adult Monoprotein Πατέ με Χοιρινό,dog,wet,needs_review,kcal_per_100g_or_kcal_per_kg|data_source_url_or_official_evidence|protein_percent|fat_percent|fiber_percent,C:/Users/NIOstb/Desktop/photo_foods_nutritail/Schesir - Gheda Marketplace.ods,0,"Attach official URL or label photo, verify extracted nutrients/ingredients, then preview in Food V2 before commit.",Marketplace ODS extraction; rows stay in review because provenance is uploaded ODS only.
ciuffi-ciuffi-adult-robusto-με-μοσχαρι-dog-dry-gr-ods,Ciuffi,Ciuffi Adult Robusto με Μοσχάρι,dog,dry,needs_review,ingredient_text|kcal_per_100g_or_kcal_per_kg|data_source_url_or_official_evidence,C:/Users/NIOstb/Desktop/photo_foods_nutritail/Schesir - Gheda Marketplace.ods,1,"Attach official URL or label photo, verify extracted nutrients/ingredients, then preview in Food V2 before commit.",Marketplace ODS extraction; rows stay in review because provenance is uploaded ODS only.
ciuffi-ciuffi-atlentico-με-κοτοπουλο-dog-dry-gr-ods,Ciuffi,Ciuffi Atlentico με Κοτόπουλο,dog,dry,needs_review,ingredient_text|kcal_per_100g_or_kcal_per_kg|data_source_url_or_official_evidence,C:/Users/NIOstb/Desktop/photo_foods_nutritail/Schesir - Gheda Marketplace.ods,0,"Attach official URL or label photo, verify extracted nutrients/ingredients, then preview in Food V2 before commit.",Marketplace ODS extraction; rows stay in review because provenance is uploaded ODS only.
dog-dog-dog-dog-placido-mantenimento-με-σολομο-dog-dry-gr-ods,Dog & Dog,Dog & Dog Placido Mantenimento με Σολομό,dog,dry,needs_review,kcal_per_100g_or_kcal_per_kg|data_source_url_or_official_evidence,C:/Users/NIOstb/Desktop/photo_foods_nutritail/Schesir - Gheda Marketplace.ods,1,"Attach official URL or label photo, verify extracted nutrients/ingredients, then preview in Food V2 before commit.",Marketplace ODS extraction; rows stay in review because provenance is uploaded ODS only.
dog-dog-dog-dog-puppy-all-breed-με-κοτοπουλο-dog-dry-gr-ods,Dog & Dog,Dog & Dog Puppy All Breed με Κοτόπουλο,dog,dry,needs_review,kcal_per_100g_or_kcal_per_kg|data_source_url_or_official_evidence,C:/Users/NIOstb/Desktop/photo_foods_nutritail/Schesir - Gheda Marketplace.ods,0,"Attach official URL or label photo, verify extracted nutrients/ingredients, then preview in Food V2 before commit.",Marketplace ODS extraction; rows stay in review because provenance is uploaded ODS only.
dog-dog-dog-dog-select-adult-με-αρνι-dog-dry-gr-ods,Dog & Dog,Dog & Dog Select Adult με Αρνί,dog,dry,needs_review,kcal_per_100g_or_kcal_per_kg|data_source_url_or_official_evidence|protein_percent|fat_percent|fiber_percent,C:/Users/NIOstb/Desktop/photo_foods_nutritail/Schesir - Gheda Marketplace.ods,0,"Attach official URL or label photo, verify extracted nutrients/ingredients, then preview in Food V2 before commit.",Marketplace ODS extraction; rows stay in review because provenance is uploaded ODS only.
dog-dog-dog-dog-top-fish-adult-με-τονο-dog-dry-gr-ods,Dog & Dog,Dog & Dog Top Fish Adult με Τόνο,dog,dry,needs_review,kcal_per_100g_or_kcal_per_kg|data_source_url_or_official_evidence|protein_percent|fat_percent|fiber_percent,C:/Users/NIOstb/Desktop/photo_foods_nutritail/Schesir - Gheda Marketplace.ods,0,"Attach official URL or label photo, verify extracted nutrients/ingredients, then preview in Food V2 before commit.",Marketplace ODS extraction; rows stay in review because provenance is uploaded ODS only.
dog-dog-dog-dog-tranditional-gustavo-attivo-με-μοσχαρι-dog-dry-gr-ods,Dog & Dog,Dog & Dog Tranditional Gustavo Attivo με Μοσχάρι,dog,dry,needs_review,kcal_per_100g_or_kcal_per_kg|data_source_url_or_official_evidence,C:/Users/NIOstb/Desktop/photo_foods_nutritail/Schesir - Gheda Marketplace.ods,0,"Attach official URL or label photo, verify extracted nutrients/ingredients, then preview in Food V2 before commit.",Marketplace ODS extraction; rows stay in review because provenance is uploaded ODS only.
dog-dog-dog-dog-vitale-energia-adult-με-κοτοπουλο-dog-dry-gr-ods,Dog & Dog,Dog & Dog Vitale Energia Adult με Κοτόπουλο,dog,dry,needs_review,ingredient_text|kcal_per_100g_or_kcal_per_kg|data_source_url_or_official_evidence,C:/Users/NIOstb/Desktop/photo_foods_nutritail/Schesir - Gheda Marketplace.ods,1,"Attach official URL or label photo, verify extracted nutrients/ingredients, then preview in Food V2 before commit.",Marketplace ODS extraction; rows stay in review because provenance is uploaded ODS only.
gheda-properform-lupoid-active-adult-type-2-με-αρνι-dog-dry-gr-ods,Gheda,ProperForm Lupoid Active Adult Type 2 με Αρνί,dog,dry,needs_review,kcal_per_100g_or_kcal_per_kg|data_source_url_or_official_evidence|protein_percent|fat_percent|fiber_percent,C:/Users/NIOstb/Desktop/photo_foods_nutritail/Schesir - Gheda Marketplace.ods,0,"Attach official URL or label photo, verify extracted nutrients/ingredients, then preview in Food V2 before commit.",Marketplace ODS extraction; rows stay in review because provenance is uploaded ODS only.
gheda-properform-lupoid-active-adult-type-2-με-κοτοπουλο-dog-dry-gr-ods,Gheda,ProperForm Lupoid Active Adult Type 2 με Κοτόπουλο,dog,dry,needs_review,kcal_per_100g_or_kcal_per_kg|data_source_url_or_official_evidence|protein_percent|fat_percent|fiber_percent,C:/Users/NIOstb/Desktop/photo_foods_nutritail/Schesir - Gheda Marketplace.ods,0,"Attach official URL or label photo, verify extracted nutrients/ingredients, then preview in Food V2 before commit.",Marketplace ODS extraction; rows stay in review because provenance is uploaded ODS only.
gheda-properform-lupoid-nordic-oriental-active-adult-type-2-με-ελαφι-dog-dry-gr-ods,Gheda,ProperForm Lupoid Nordic & Oriental Active Adult Type 2 με Ελάφι,dog,dry,needs_review,ingredient_text|kcal_per_100g_or_kcal_per_kg|data_source_url_or_official_evidence|protein_percent|fat_percent|fiber_percent,C:/Users/NIOstb/Desktop/photo_foods_nutritail/Schesir - Gheda Marketplace.ods,0,"Attach official URL or label photo, verify extracted nutrients/ingredients, then preview in Food V2 before commit.",Marketplace ODS extraction; rows stay in review because provenance is uploaded ODS only.
gheda-properform-lupoid-nordic-oriental-active-puppy-type-1-με-παπια-dog-dry-gr-ods,Gheda,ProperForm Lupoid Nordic & Oriental Active Puppy Type 1 με Πάπια,dog,dry,needs_review,ingredient_text|kcal_per_100g_or_kcal_per_kg|data_source_url_or_official_evidence|protein_percent|fat_percent|fiber_percent,C:/Users/NIOstb/Desktop/photo_foods_nutritail/Schesir - Gheda Marketplace.ods,0,"Attach official URL or label photo, verify extracted nutrients/ingredients, then preview in Food V2 before commit.",Marketplace ODS extraction; rows stay in review because provenance is uploaded ODS only.
gheda-properform-lupoid-puppy-type-1-με-σολομο-dog-dry-gr-ods,Gheda,ProperForm Lupoid Puppy Type 1 με Σολομό,dog,dry,needs_review,ingredient_text|kcal_per_100g_or_kcal_per_kg|data_source_url_or_official_evidence,C:/Users/NIOstb/Desktop/photo_foods_nutritail/Schesir - Gheda Marketplace.ods,0,"Attach official URL or label photo, verify extracted nutrients/ingredients, then preview in Food V2 before commit.",Marketplace ODS extraction; rows stay in review because provenance is uploaded ODS only.
gheda-properform-molossoid-active-adult-type-2-με-κοτοπουλο-dog-dry-gr-ods,Gheda,ProperForm Molossoid Active Adult Type 2 με Κοτόπουλο,dog,dry,needs_review,ingredient_text|kcal_per_100g_or_kcal_per_kg|data_source_url_or_official_evidence,C:/Users/NIOstb/Desktop/photo_foods_nutritail/Schesir - Gheda Marketplace.ods,0,"Attach official URL or label photo, verify extracted nutrients/ingredients, then preview in Food V2 before commit.",Marketplace ODS extraction; rows stay in review because provenance is uploaded ODS only.
gheda-properform-molossoid-puppy-type-1-με-παπια-dog-dry-gr-ods,Gheda,ProperForm Molossoid Puppy Type 1 με Πάπια,dog,dry,needs_review,ingredient_text|kcal_per_100g_or_kcal_per_kg|data_source_url_or_official_evidence,C:/Users/NIOstb/Desktop/photo_foods_nutritail/Schesir - Gheda Marketplace.ods,0,"Attach official URL or label photo, verify extracted nutrients/ingredients, then preview in Food V2 before commit.",Marketplace ODS extraction; rows stay in review because provenance is uploaded ODS only.
gheda-properform-toys-active-adult-type-2-με-αρνι-dog-dry-gr-ods,Gheda,ProperForm Toys Active Adult Type 2 με Αρνί,dog,dry,needs_review,ingredient_text|kcal_per_100g_or_kcal_per_kg|data_source_url_or_official_evidence,C:/Users/NIOstb/Desktop/photo_foods_nutritail/Schesir - Gheda Marketplace.ods,0,"Attach official URL or label photo, verify extracted nutrients/ingredients, then preview in Food V2 before commit.",Marketplace ODS extraction; rows stay in review because provenance is uploaded ODS only.
gheda-properform-toys-puppy-type-1-με-σολομο-dog-dry-gr-ods,Gheda,ProperForm Toys Puppy Type 1 με Σολομό,dog,dry,needs_review,ingredient_text|kcal_per_100g_or_kcal_per_kg|data_source_url_or_official_evidence,C:/Users/NIOstb/Desktop/photo_foods_nutritail/Schesir - Gheda Marketplace.ods,0,"Attach official URL or label photo, verify extracted nutrients/ingredients, then preview in Food V2 before commit.",Marketplace ODS extraction; rows stay in review because provenance is uploaded ODS only.
schesir-schesir-adult-large-με-κοτοπουλο-dog-dry-gr-ods,Schesir,Schesir Adult Large με Κοτόπουλο,dog,dry,needs_review,kcal_per_100g_or_kcal_per_kg|data_source_url_or_official_evidence,C:/Users/NIOstb/Desktop/photo_foods_nutritail/Schesir - Gheda Marketplace.ods,0,"Attach official URL or label photo, verify extracted nutrients/ingredients, then preview in Food V2 before commit.",Marketplace ODS extraction; rows stay in review because provenance is uploaded ODS only.
schesir-schesir-adult-large-με-χοιρινο-προσουτο-dog-dry-gr-ods,Schesir,Schesir Adult Large με Χοιρινό Προσούτο,dog,dry,needs_review,data_source_url_or_official_evidence,C:/Users/NIOstb/Desktop/photo_foods_nutritail/Schesir - Gheda Marketplace.ods,1,"Attach official URL or label photo, verify extracted nutrients/ingredients, then preview in Food V2 before commit.",Marketplace ODS extraction; rows stay in review because provenance is uploaded ODS only.
schesir-schesir-adult-large-maintenance-με-αρνι-dog-dry-gr-ods,Schesir,Schesir Adult Large Maintenance με Αρνί,dog,dry,needs_review,data_source_url_or_official_evidence|protein_percent|fat_percent|fiber_percent,C:/Users/NIOstb/Desktop/photo_foods_nutritail/Schesir - Gheda Marketplace.ods,0,"Attach official URL or label photo, verify extracted nutrients/ingredients, then preview in Food V2 before commit.",Marketplace ODS extraction; rows stay in review because provenance is uploaded ODS only.
schesir-schesir-puppy-large-με-κοτοπουλο-dog-dry-gr-ods,Schesir,Schesir Puppy Large με Κοτόπουλο,dog,dry,needs_review,data_source_url_or_official_evidence,C:/Users/NIOstb/Desktop/photo_foods_nutritail/Schesir - Gheda Marketplace.ods,1,"Attach official URL or label photo, verify extracted nutrients/ingredients, then preview in Food V2 before commit.",Marketplace ODS extraction; rows stay in review because provenance is uploaded ODS only.
schesir-schesir-adult-medium-με-κοτοπουλο-dog-dry-gr-ods,Schesir,Schesir Adult Medium με Κοτόπουλο,dog,dry,needs_review,data_source_url_or_official_evidence,C:/Users/NIOstb/Desktop/photo_foods_nutritail/Schesir - Gheda Marketplace.ods,1,"Attach official URL or label photo, verify extracted nutrients/ingredients, then preview in Food V2 before commit.",Marketplace ODS extraction; rows stay in review because provenance is uploaded ODS only.
schesir-schesir-adult-medium-με-ψαρι-dog-dry-gr-ods,Schesir,Schesir Adult Medium με Ψάρι,dog,dry,needs_review,data_source_url_or_official_evidence,C:/Users/NIOstb/Desktop/photo_foods_nutritail/Schesir - Gheda Marketplace.ods,0,"Attach official URL or label photo, verify extracted nutrients/ingredients, then preview in Food V2 before commit.",Marketplace ODS extraction; rows stay in review because provenance is uploaded ODS only.
schesir-schesir-adult-medium-με-χοιρινο-προσουτο-dog-dry-gr-ods,Schesir,Schesir Adult Medium με Χοιρινό Προσούτο,dog,dry,needs_review,data_source_url_or_official_evidence,C:/Users/NIOstb/Desktop/photo_foods_nutritail/Schesir - Gheda Marketplace.ods,2,"Attach official URL or label photo, verify extracted nutrients/ingredients, then preview in Food V2 before commit.",Marketplace ODS extraction; rows stay in review because provenance is uploaded ODS only.
schesir-schesir-mature-medium-με-κοτοπουλο-dog-dry-gr-ods,Schesir,Schesir Mature Medium με Κοτόπουλο,dog,dry,needs_review,data_source_url_or_official_evidence,C:/Users/NIOstb/Desktop/photo_foods_nutritail/Schesir - Gheda Marketplace.ods,1,"Attach official URL or label photo, verify extracted nutrients/ingredients, then preview in Food V2 before commit.",Marketplace ODS extraction; rows stay in review because provenance is uploaded ODS only.
schesir-schesir-puppy-medium-με-κοτοπουλο-dog-dry-gr-ods,Schesir,Schesir Puppy Medium με Κοτόπουλο,dog,dry,needs_review,data_source_url_or_official_evidence,C:/Users/NIOstb/Desktop/photo_foods_nutritail/Schesir - Gheda Marketplace.ods,1,"Attach official URL or label photo, verify extracted nutrients/ingredients, then preview in Food V2 before commit.",Marketplace ODS extraction; rows stay in review because provenance is uploaded ODS only.
schesir-schesir-adult-small-με-κοτοπουλο-ρυζι-dog-dry-gr-ods,Schesir,Schesir Adult Small με Κοτόπουλο & Ρύζι,dog,dry,needs_review,data_source_url_or_official_evidence,C:/Users/NIOstb/Desktop/photo_foods_nutritail/Schesir - Gheda Marketplace.ods,0,"Attach official URL or label photo, verify extracted nutrients/ingredients, then preview in Food V2 before commit.",Marketplace ODS extraction; rows stay in review because provenance is uploaded ODS only.
schesir-schesir-adult-small-με-ψαρι-ρυζι-dog-dry-gr-ods,Schesir,Schesir Adult Small με Ψάρι & Ρύζι,dog,dry,needs_review,data_source_url_or_official_evidence,C:/Users/NIOstb/Desktop/photo_foods_nutritail/Schesir - Gheda Marketplace.ods,0,"Attach official URL or label photo, verify extracted nutrients/ingredients, then preview in Food V2 before commit.",Marketplace ODS extraction; rows stay in review because provenance is uploaded ODS only.
schesir-schesir-adult-small-με-χοιρινο-προσουτο-dog-dry-gr-ods,Schesir,Schesir Adult Small με Χοιρινό Προσούτο,dog,dry,needs_review,data_source_url_or_official_evidence,C:/Users/NIOstb/Desktop/photo_foods_nutritail/Schesir - Gheda Marketplace.ods,0,"Attach official URL or label photo, verify extracted nutrients/ingredients, then preview in Food V2 before commit.",Marketplace ODS extraction; rows stay in review because provenance is uploaded ODS only.
schesir-schesir-puppy-small-με-κοτοπουλο-ρυζι-dog-dry-gr-ods,Schesir,Schesir Puppy Small με Κοτόπουλο & Ρύζι,dog,dry,needs_review,data_source_url_or_official_evidence|protein_percent|fat_percent|fiber_percent,C:/Users/NIOstb/Desktop/photo_foods_nutritail/Schesir - Gheda Marketplace.ods,0,"Attach official URL or label photo, verify extracted nutrients/ingredients, then preview in Food V2 before commit.",Marketplace ODS extraction; rows stay in review because provenance is uploaded ODS only.
unica-classe-unica-classe-adult-all-breeds-longevity-με-σολομο-dog-dry-gr-ods,Unica Classe,Unica Classe Adult All Breeds Longevity με Σολομό,dog,dry,needs_review,ingredient_text|data_source_url_or_official_evidence,C:/Users/NIOstb/Desktop/photo_foods_nutritail/Schesir - Gheda Marketplace.ods,1,"Attach official URL or label photo, verify extracted nutrients/ingredients, then preview in Food V2 before commit.",Marketplace ODS extraction; rows stay in review because provenance is uploaded ODS only.
unica-classe-unica-classe-adult-large-equilibrium-με-αρνι-dog-dry-gr-ods,Unica Classe,Unica Classe Adult Large Equilibrium με Αρνί,dog,dry,needs_review,kcal_per_100g_or_kcal_per_kg|data_source_url_or_official_evidence|protein_percent,C:/Users/NIOstb/Desktop/photo_foods_nutritail/Schesir - Gheda Marketplace.ods,0,"Attach official URL or label photo, verify extracted nutrients/ingredients, then preview in Food V2 before commit.",Marketplace ODS extraction; rows stay in review because provenance is uploaded ODS only.
unica-classe-unica-classe-adult-large-regular-με-κοτοπουλο-dog-dry-gr-ods,Unica Classe,Unica Classe Adult Large Regular με Κοτόπουλο,dog,dry,needs_review,ingredient_text|kcal_per_100g_or_kcal_per_kg|data_source_url_or_official_evidence,C:/Users/NIOstb/Desktop/photo_foods_nutritail/Schesir - Gheda Marketplace.ods,0,"Attach official URL or label photo, verify extracted nutrients/ingredients, then preview in Food V2 before commit.",Marketplace ODS extraction; rows stay in review because provenance is uploaded ODS only.
unica-classe-unica-classe-adult-large-sensitive-με-τονο-dog-dry-gr-ods,Unica Classe,Unica Classe Adult Large Sensitive με Τόνο,dog,dry,needs_review,kcal_per_100g_or_kcal_per_kg|data_source_url_or_official_evidence|protein_percent,C:/Users/NIOstb/Desktop/photo_foods_nutritail/Schesir - Gheda Marketplace.ods,0,"Attach official URL or label photo, verify extracted nutrients/ingredients, then preview in Food V2 before commit.",Marketplace ODS extraction; rows stay in review because provenance is uploaded ODS only.
unica-classe-unica-classe-adult-medium-equilibrium-με-αρνι-dog-dry-gr-ods,Unica Classe,Unica Classe Adult Medium Equilibrium με Αρνί,dog,dry,needs_review,kcal_per_100g_or_kcal_per_kg|data_source_url_or_official_evidence|protein_percent,C:/Users/NIOstb/Desktop/photo_foods_nutritail/Schesir - Gheda Marketplace.ods,1,"Attach official URL or label photo, verify extracted nutrients/ingredients, then preview in Food V2 before commit.",Marketplace ODS extraction; rows stay in review because provenance is uploaded ODS only.
unica-classe-unica-classe-adult-medium-regular-με-κοτοπουλο-dog-dry-gr-ods,Unica Classe,Unica Classe Adult Medium Regular με Κοτόπουλο,dog,dry,needs_review,kcal_per_100g_or_kcal_per_kg|data_source_url_or_official_evidence|protein_percent,C:/Users/NIOstb/Desktop/photo_foods_nutritail/Schesir - Gheda Marketplace.ods,1,"Attach official URL or label photo, verify extracted nutrients/ingredients, then preview in Food V2 before commit.",Marketplace ODS extraction; rows stay in review because provenance is uploaded ODS only.
unica-classe-unica-classe-adult-medium-sensitive-με-τονο-dog-dry-gr-ods,Unica Classe,Unica Classe Adult Medium Sensitive με Τόνο,dog,dry,needs_review,ingredient_text|kcal_per_100g_or_kcal_per_kg|data_source_url_or_official_evidence,C:/Users/NIOstb/Desktop/photo_foods_nutritail/Schesir - Gheda Marketplace.ods,1,"Attach official URL or label photo, verify extracted nutrients/ingredients, then preview in Food V2 before commit.",Marketplace ODS extraction; rows stay in review because provenance is uploaded ODS only.
unica-classe-unica-classe-adult-mini-equilibrium-με-αρνι-dog-dry-gr-ods,Unica Classe,Unica Classe Adult Mini Equilibrium με Αρνί,dog,dry,needs_review,kcal_per_100g_or_kcal_per_kg|data_source_url_or_official_evidence,C:/Users/NIOstb/Desktop/photo_foods_nutritail/Schesir - Gheda Marketplace.ods,0,"Attach official URL or label photo, verify extracted nutrients/ingredients, then preview in Food V2 before commit.",Marketplace ODS extraction; rows stay in review because provenance is uploaded ODS only.
unica-classe-unica-classe-adult-mini-sensitive-με-τονο-dog-dry-gr-ods,Unica Classe,Unica Classe Adult Mini Sensitive με Τόνο,dog,dry,needs_review,ingredient_text|kcal_per_100g_or_kcal_per_kg|data_source_url_or_official_evidence,C:/Users/NIOstb/Desktop/photo_foods_nutritail/Schesir - Gheda Marketplace.ods,0,"Attach official URL or label photo, verify extracted nutrients/ingredients, then preview in Food V2 before commit.",Marketplace ODS extraction; rows stay in review because provenance is uploaded ODS only.
unica-classe-unica-classe-adult-mini-tonic-με-σολομο-dog-dry-gr-ods,Unica Classe,Unica Classe Adult Mini Tonic με Σολομό,dog,dry,needs_review,data_source_url_or_official_evidence|protein_percent,C:/Users/NIOstb/Desktop/photo_foods_nutritail/Schesir - Gheda Marketplace.ods,0,"Attach official URL or label photo, verify extracted nutrients/ingredients, then preview in Food V2 before commit.",Marketplace ODS extraction; rows stay in review because provenance is uploaded ODS only.
unica-classe-unica-classe-puppy-all-breeds-με-κοτοπουλο-dog-dry-gr-ods,Unica Classe,Unica Classe Puppy All Breeds με Κοτόπουλο,dog,dry,needs_review,kcal_per_100g_or_kcal_per_kg|data_source_url_or_official_evidence|protein_percent,C:/Users/NIOstb/Desktop/photo_foods_nutritail/Schesir - Gheda Marketplace.ods,1,"Attach official URL or label photo, verify extracted nutrients/ingredients, then preview in Food V2 before commit.",Marketplace ODS extraction; rows stay in review because provenance is uploaded ODS only.
unica-classe-unica-classe-puppy-mini-με-κοτοπουλο-dog-dry-gr-ods,Unica Classe,Unica Classe Puppy Mini με Κοτόπουλο,dog,dry,needs_review,kcal_per_100g_or_kcal_per_kg|data_source_url_or_official_evidence,C:/Users/NIOstb/Desktop/photo_foods_nutritail/Schesir - Gheda Marketplace.ods,1,"Attach official URL or label photo, verify extracted nutrients/ingredients, then preview in Food V2 before commit.",Marketplace ODS extraction; rows stay in review because provenance is uploaded ODS only.
unica-unica-alleva-classe-adult-maintenance-με-κοτοπουλο-dog-dry-gr-ods,Unica,Unica Alleva Classe Adult Maintenance με Κοτόπουλο,dog,dry,needs_review,kcal_per_100g_or_kcal_per_kg|data_source_url_or_official_evidence|protein_percent|fat_percent|fiber_percent,C:/Users/NIOstb/Desktop/photo_foods_nutritail/Schesir - Gheda Marketplace.ods,0,"Attach official URL or label photo, verify extracted nutrients/ingredients, then preview in Food V2 before commit.",Marketplace ODS extraction; rows stay in review because provenance is uploaded ODS only.
unica-unica-alleva-classe-puppy-με-κοτοπουλο-dog-dry-gr-ods,Unica,Unica Alleva Classe Puppy με Κοτόπουλο,dog,dry,needs_review,kcal_per_100g_or_kcal_per_kg|data_source_url_or_official_evidence|protein_percent|fat_percent|fiber_percent,C:/Users/NIOstb/Desktop/photo_foods_nutritail/Schesir - Gheda Marketplace.ods,0,"Attach official URL or label photo, verify extracted nutrients/ingredients, then preview in Food V2 before commit.",Marketplace ODS extraction; rows stay in review because provenance is uploaded ODS only.
unica-unica-alleva-natura-adult-με-αρνι-dog-dry-gr-ods,Unica,Unica Alleva Natura Adult με Αρνί,dog,dry,needs_review,kcal_per_100g_or_kcal_per_kg|data_source_url_or_official_evidence,C:/Users/NIOstb/Desktop/photo_foods_nutritail/Schesir - Gheda Marketplace.ods,0,"Attach official URL or label photo, verify extracted nutrients/ingredients, then preview in Food V2 before commit.",Marketplace ODS extraction; rows stay in review because provenance is uploaded ODS only.
unica-unica-alleva-natura-adult-monoprotein-με-κοτοπουλο-dog-dry-gr-ods,Unica,Unica Alleva Natura Adult Monoprotein με Κοτόπουλο,dog,dry,needs_review,kcal_per_100g_or_kcal_per_kg|data_source_url_or_official_evidence|protein_percent|fat_percent|fiber_percent,C:/Users/NIOstb/Desktop/photo_foods_nutritail/Schesir - Gheda Marketplace.ods,0,"Attach official URL or label photo, verify extracted nutrients/ingredients, then preview in Food V2 before commit.",Marketplace ODS extraction; rows stay in review because provenance is uploaded ODS only.
unica-unica-alleva-natura-adult-monoprotein-με-χηνα-dog-dry-gr-ods,Unica,Unica Alleva Natura Adult Monoprotein με Χήνα,dog,dry,needs_review,kcal_per_100g_or_kcal_per_kg|data_source_url_or_official_evidence|protein_percent,C:/Users/NIOstb/Desktop/photo_foods_nutritail/Schesir - Gheda Marketplace.ods,0,"Attach official URL or label photo, verify extracted nutrients/ingredients, then preview in Food V2 before commit.",Marketplace ODS extraction; rows stay in review because provenance is uploaded ODS only.
unica-unica-alleva-natura-adult-monoprotein-με-χοιρινο-dog-dry-gr-ods,Unica,Unica Alleva Natura Adult Monoprotein με Χοιρινό,dog,dry,needs_review,kcal_per_100g_or_kcal_per_kg|data_source_url_or_official_evidence,C:/Users/NIOstb/Desktop/photo_foods_nutritail/Schesir - Gheda Marketplace.ods,0,"Attach official URL or label photo, verify extracted nutrients/ingredients, then preview in Food V2 before commit.",Marketplace ODS extraction; rows stay in review because provenance is uploaded ODS only.
unica-unica-alleva-natura-adult-monoprotein-με-πεστροφα-dog-dry-gr-ods,Unica,Unica Alleva Natura Adult Monoprotein με Πέστροφα,dog,dry,needs_review,kcal_per_100g_or_kcal_per_kg|data_source_url_or_official_evidence,C:/Users/NIOstb/Desktop/photo_foods_nutritail/Schesir - Gheda Marketplace.ods,0,"Attach official URL or label photo, verify extracted nutrients/ingredients, then preview in Food V2 before commit.",Marketplace ODS extraction; rows stay in review because provenance is uploaded ODS only.
unica-unica-alleva-natura-adult-με-σολομο-dog-dry-gr-ods,Unica,Unica Alleva Natura Adult με Σολομό,dog,dry,needs_review,kcal_per_100g_or_kcal_per_kg|data_source_url_or_official_evidence,C:/Users/NIOstb/Desktop/photo_foods_nutritail/Schesir - Gheda Marketplace.ods,0,"Attach official URL or label photo, verify extracted nutrients/ingredients, then preview in Food V2 before commit.",Marketplace ODS extraction; rows stay in review because provenance is uploaded ODS only.
unica-natura-unica-natura-unico-maxi-με-παπια-dog-dry-gr-ods,Unica Natura,Unica Natura Unico Maxi με Πάπια,dog,dry,needs_review,kcal_per_100g_or_kcal_per_kg|data_source_url_or_official_evidence,C:/Users/NIOstb/Desktop/photo_foods_nutritail/Schesir - Gheda Marketplace.ods,1,"Attach official URL or label photo, verify extracted nutrients/ingredients, then preview in Food V2 before commit.",Marketplace ODS extraction; rows stay in review because provenance is uploaded ODS only.
unica-natura-unica-natura-unico-maxi-με-αρνι-dog-dry-gr-ods,Unica Natura,Unica Natura Unico Maxi με Αρνί,dog,dry,needs_review,kcal_per_100g_or_kcal_per_kg|data_source_url_or_official_evidence,C:/Users/NIOstb/Desktop/photo_foods_nutritail/Schesir - Gheda Marketplace.ods,1,"Attach official URL or label photo, verify extracted nutrients/ingredients, then preview in Food V2 before commit.",Marketplace ODS extraction; rows stay in review because provenance is uploaded ODS only.
unica-natura-unica-natura-unico-maxi-με-χοιρινο-προσουτο-dog-dry-gr-ods,Unica Natura,Unica Natura Unico Maxi με Χοιρινό Προσούτο,dog,dry,needs_review,kcal_per_100g_or_kcal_per_kg|data_source_url_or_official_evidence,C:/Users/NIOstb/Desktop/photo_foods_nutritail/Schesir - Gheda Marketplace.ods,1,"Attach official URL or label photo, verify extracted nutrients/ingredients, then preview in Food V2 before commit.",Marketplace ODS extraction; rows stay in review because provenance is uploaded ODS only.
unica-natura-unica-natura-unico-maxi-με-σολομο-dog-dry-gr-ods,Unica Natura,Unica Natura Unico Maxi με Σολομό,dog,dry,needs_review,kcal_per_100g_or_kcal_per_kg|data_source_url_or_official_evidence,C:/Users/NIOstb/Desktop/photo_foods_nutritail/Schesir - Gheda Marketplace.ods,1,"Attach official URL or label photo, verify extracted nutrients/ingredients, then preview in Food V2 before commit.",Marketplace ODS extraction; rows stay in review because provenance is uploaded ODS only.
unica-natura-unica-natura-unico-maxi-με-ελαφι-dog-dry-gr-ods,Unica Natura,Unica Natura Unico Maxi με Ελάφι,dog,dry,needs_review,kcal_per_100g_or_kcal_per_kg|data_source_url_or_official_evidence,C:/Users/NIOstb/Desktop/photo_foods_nutritail/Schesir - Gheda Marketplace.ods,0,"Attach official URL or label photo, verify extracted nutrients/ingredients, then preview in Food V2 before commit.",Marketplace ODS extraction; rows stay in review because provenance is uploaded ODS only.
unica-natura-unica-natura-unico-mini-με-παπια-dog-dry-gr-ods,Unica Natura,Unica Natura Unico Mini με Πάπια,dog,dry,needs_review,kcal_per_100g_or_kcal_per_kg|data_source_url_or_official_evidence,C:/Users/NIOstb/Desktop/photo_foods_nutritail/Schesir - Gheda Marketplace.ods,2,"Attach official URL or label photo, verify extracted nutrients/ingredients, then preview in Food V2 before commit.",Marketplace ODS extraction; rows stay in review because provenance is uploaded ODS only.
unica-natura-unica-natura-unico-mini-με-σολομο-dog-dry-gr-ods,Unica Natura,Unica Natura Unico Mini με Σολομό,dog,dry,needs_review,kcal_per_100g_or_kcal_per_kg|data_source_url_or_official_evidence,C:/Users/NIOstb/Desktop/photo_foods_nutritail/Schesir - Gheda Marketplace.ods,2,"Attach official URL or label photo, verify extracted nutrients/ingredients, then preview in Food V2 before commit.",Marketplace ODS extraction; rows stay in review because provenance is uploaded ODS only.
unica-natura-unica-natura-unico-mini-με-χοιρινο-προσουτο-dog-dry-gr-ods,Unica Natura,Unica Natura Unico Mini με Χοιρινό Προσούτο,dog,dry,needs_review,kcal_per_100g_or_kcal_per_kg|data_source_url_or_official_evidence|protein_percent|fat_percent|fiber_percent,C:/Users/NIOstb/Desktop/photo_foods_nutritail/Schesir - Gheda Marketplace.ods,0,"Attach official URL or label photo, verify extracted nutrients/ingredients, then preview in Food V2 before commit.",Marketplace ODS extraction; rows stay in review because provenance is uploaded ODS only.
chat-chat-chat-chat-expert-adult-με-μοσχαρι-αρακα-cat-dry-gr-ods,Chat & Chat,Chat & Chat Expert Adult με Μοσχάρι & Αρακά,cat,dry,needs_review,kcal_per_100g_or_kcal_per_kg|data_source_url_or_official_evidence,C:/Users/NIOstb/Desktop/photo_foods_nutritail/Schesir - Gheda Marketplace.ods,0,"Attach official URL or label photo, verify extracted nutrients/ingredients, then preview in Food V2 before commit.",Marketplace ODS extraction; rows stay in review because provenance is uploaded ODS only.
le-koccole-le-koccole-adult-cat-elegance-με-ψαρι-λαχανικα-cat-dry-gr-ods,Le Koccole,Le Koccole Adult Cat Elegance με Ψάρι & Λαχανικά,cat,dry,needs_review,kcal_per_100g_or_kcal_per_kg|data_source_url_or_official_evidence,C:/Users/NIOstb/Desktop/photo_foods_nutritail/Schesir - Gheda Marketplace.ods,0,"Attach official URL or label photo, verify extracted nutrients/ingredients, then preview in Food V2 before commit.",Marketplace ODS extraction; rows stay in review because provenance is uploaded ODS only.
suavis-suavis-sterilised-adult-με-βοδινο-χοιρινο-λαχανικα-cat-dry-gr-ods,Suavis,Suavis Sterilised Adult με Βοδινό Χοιρινό & Λαχανικα,cat,dry,needs_review,kcal_per_100g_or_kcal_per_kg|data_source_url_or_official_evidence,C:/Users/NIOstb/Desktop/photo_foods_nutritail/Schesir - Gheda Marketplace.ods,1,"Attach official URL or label photo, verify extracted nutrients/ingredients, then preview in Food V2 before commit.",Marketplace ODS extraction; rows stay in review because provenance is uploaded ODS only.
suavis-suavis-sterilised-adult-με-κοτοπουλο-γαλοπουλα-λαχανικα-cat-dry-gr-ods,Suavis,Suavis Sterilised Adult με Κοτόπουλο Γαλοπούλα & Λαχανικα,cat,dry,needs_review,kcal_per_100g_or_kcal_per_kg|data_source_url_or_official_evidence,C:/Users/NIOstb/Desktop/photo_foods_nutritail/Schesir - Gheda Marketplace.ods,1,"Attach official URL or label photo, verify extracted nutrients/ingredients, then preview in Food V2 before commit.",Marketplace ODS extraction; rows stay in review because provenance is uploaded ODS only.
suavis-suavis-sterilised-adult-με-συκωτι-σολομου-λαχανικα-cat-dry-gr-ods,Suavis,Suavis Sterilised Adult με συκώτι Σολομού & Λαχανικα,cat,dry,needs_review,kcal_per_100g_or_kcal_per_kg|data_source_url_or_official_evidence,C:/Users/NIOstb/Desktop/photo_foods_nutritail/Schesir - Gheda Marketplace.ods,1,"Attach official URL or label photo, verify extracted nutrients/ingredients, then preview in Food V2 before commit.",Marketplace ODS extraction; rows stay in review because provenance is uploaded ODS only.
unica-natura-unica-natura-indoor-cat-με-κοτοπουλο-cat-dry-gr-ods,Unica Natura,Unica Natura Indoor Cat με Κοτόπουλο,cat,dry,needs_review,kcal_per_100g_or_kcal_per_kg|data_source_url_or_official_evidence|fiber_percent,C:/Users/NIOstb/Desktop/photo_foods_nutritail/Schesir - Gheda Marketplace.ods,1,"Attach official URL or label photo, verify extracted nutrients/ingredients, then preview in Food V2 before commit.",Marketplace ODS extraction; rows stay in review because provenance is uploaded ODS only.
unica-natura-unica-natura-indoor-cat-με-αρνι-cat-dry-gr-ods,Unica Natura,Unica Natura Indoor Cat με Αρνί,cat,dry,needs_review,kcal_per_100g_or_kcal_per_kg|data_source_url_or_official_evidence|fiber_percent,C:/Users/NIOstb/Desktop/photo_foods_nutritail/Schesir - Gheda Marketplace.ods,1,"Attach official URL or label photo, verify extracted nutrients/ingredients, then preview in Food V2 before commit.",Marketplace ODS extraction; rows stay in review because provenance is uploaded ODS only.
unica-natura-unica-natura-indoor-cat-με-σολομο-cat-dry-gr-ods,Unica Natura,Unica Natura Indoor Cat με Σολομό,cat,dry,needs_review,kcal_per_100g_or_kcal_per_kg|data_source_url_or_official_evidence|fiber_percent,C:/Users/NIOstb/Desktop/photo_foods_nutritail/Schesir - Gheda Marketplace.ods,1,"Attach official URL or label photo, verify extracted nutrients/ingredients, then preview in Food V2 before commit.",Marketplace ODS extraction; rows stay in review because provenance is uploaded ODS only.
unica-natura-unica-natura-outdoor-cat-με-μπακαλιαρο-cat-dry-gr-ods,Unica Natura,Unica Natura Outdoor Cat με Μπακαλιάρο,cat,dry,needs_review,kcal_per_100g_or_kcal_per_kg|data_source_url_or_official_evidence|fiber_percent,C:/Users/NIOstb/Desktop/photo_foods_nutritail/Schesir - Gheda Marketplace.ods,1,"Attach official URL or label photo, verify extracted nutrients/ingredients, then preview in Food V2 before commit.",Marketplace ODS extraction; rows stay in review because provenance is uploaded ODS only.
unica-natura-unica-natura-outdoor-cat-με-παπια-cat-dry-gr-ods,Unica Natura,Unica Natura Outdoor Cat με Πάπια,cat,dry,needs_review,kcal_per_100g_or_kcal_per_kg|data_source_url_or_official_evidence|fiber_percent,C:/Users/NIOstb/Desktop/photo_foods_nutritail/Schesir - Gheda Marketplace.ods,1,"Attach official URL or label photo, verify extracted nutrients/ingredients, then preview in Food V2 before commit.",Marketplace ODS extraction; rows stay in review because provenance is uploaded ODS only.
unica-natura-unica-natura-outdoor-cat-με-προσουτο-cat-dry-gr-ods,Unica Natura,Unica Natura Outdoor Cat με Προσούτο,cat,dry,needs_review,kcal_per_100g_or_kcal_per_kg|data_source_url_or_official_evidence|fiber_percent,C:/Users/NIOstb/Desktop/photo_foods_nutritail/Schesir - Gheda Marketplace.ods,1,"Attach official URL or label photo, verify extracted nutrients/ingredients, then preview in Food V2 before commit.",Marketplace ODS extraction; rows stay in review because provenance is uploaded ODS only.
schesir-schesir-kitten-με-τονο-αλοη-σε-ζελε-cat-wet-gr-ods,Schesir,Schesir Kitten με Τόνο & Αλόη σε Ζελέ,cat,wet,needs_review,kcal_per_100g_or_kcal_per_kg|data_source_url_or_official_evidence|protein_percent|fat_percent|fiber_percent,C:/Users/NIOstb/Desktop/photo_foods_nutritail/Schesir - Gheda Marketplace.ods,0,"Attach official URL or label photo, verify extracted nutrients/ingredients, then preview in Food V2 before commit.",Marketplace ODS extraction; rows stay in review because provenance is uploaded ODS only.
schesir-schesir-adult-cat-με-κοτοπουλο-τσιπουρα-σε-ζωμο-cat-wet-gr-ods,Schesir,Schesir Adult Cat με Κοτόπουλο & Τσιπούρα σε Ζωμό,cat,wet,needs_review,kcal_per_100g_or_kcal_per_kg|data_source_url_or_official_evidence|protein_percent|fat_percent|fiber_percent,C:/Users/NIOstb/Desktop/photo_foods_nutritail/Schesir - Gheda Marketplace.ods,0,"Attach official URL or label photo, verify extracted nutrients/ingredients, then preview in Food V2 before commit.",Marketplace ODS extraction; rows stay in review because provenance is uploaded ODS only.
schesir-schesir-adult-cat-με-κοτοπουλο-γαριδες-σε-ζωμο-cat-wet-gr-ods,Schesir,Schesir Adult Cat με Κοτόπουλο & Γαρίδες σε Ζωμό,cat,wet,needs_review,kcal_per_100g_or_kcal_per_kg|data_source_url_or_official_evidence|protein_percent|fat_percent|fiber_percent,C:/Users/NIOstb/Desktop/photo_foods_nutritail/Schesir - Gheda Marketplace.ods,0,"Attach official URL or label photo, verify extracted nutrients/ingredients, then preview in Food V2 before commit.",Marketplace ODS extraction; rows stay in review because provenance is uploaded ODS only.
schesir-schesir-adult-cat-με-τονο-κοτοπουλο-σε-ζωμο-cat-wet-gr-ods,Schesir,Schesir Adult Cat με Τόνο & Κοτόπουλο σε Ζωμό,cat,wet,needs_review,kcal_per_100g_or_kcal_per_kg|data_source_url_or_official_evidence|protein_percent|fat_percent|fiber_percent,C:/Users/NIOstb/Desktop/photo_foods_nutritail/Schesir - Gheda Marketplace.ods,0,"Attach official URL or label photo, verify extracted nutrients/ingredients, then preview in Food V2 before commit.",Marketplace ODS extraction; rows stay in review because provenance is uploaded ODS only.
schesir-schesir-adult-cat-με-τονο-ψαρια-ωκεανου-σε-ζωμο-cat-wet-gr-ods,Schesir,Schesir Adult Cat με Τόνο & Ψάρια Ωκεανού σε Ζωμό,cat,wet,needs_review,kcal_per_100g_or_kcal_per_kg|data_source_url_or_official_evidence|protein_percent|fat_percent|fiber_percent,C:/Users/NIOstb/Desktop/photo_foods_nutritail/Schesir - Gheda Marketplace.ods,0,"Attach official URL or label photo, verify extracted nutrients/ingredients, then preview in Food V2 before commit.",Marketplace ODS extraction; rows stay in review because provenance is uploaded ODS only.
schesir-schesir-adult-cat-με-τονο-αθερινα-σε-ζωμο-cat-wet-gr-ods,Schesir,Schesir Adult Cat με Τόνο & Αθερίνα σε Ζωμό,cat,wet,needs_review,kcal_per_100g_or_kcal_per_kg|data_source_url_or_official_evidence|protein_percent|fat_percent|fiber_percent,C:/Users/NIOstb/Desktop/photo_foods_nutritail/Schesir - Gheda Marketplace.ods,0,"Attach official URL or label photo, verify extracted nutrients/ingredients, then preview in Food V2 before commit.",Marketplace ODS extraction; rows stay in review because provenance is uploaded ODS only.
schesir-schesir-adult-cat-με-τονο-καροτο-σε-ζωμο-cat-wet-gr-ods,Schesir,Schesir Adult Cat με Τόνο & Καρότο σε Ζωμό,cat,wet,needs_review,kcal_per_100g_or_kcal_per_kg|data_source_url_or_official_evidence|protein_percent|fat_percent|fiber_percent,C:/Users/NIOstb/Desktop/photo_foods_nutritail/Schesir - Gheda Marketplace.ods,0,"Attach official URL or label photo, verify extracted nutrients/ingredients, then preview in Food V2 before commit.",Marketplace ODS extraction; rows stay in review because provenance is uploaded ODS only.
schesir-schesir-adult-cat-με-τονο-κολοκυθα-σε-ζωμο-cat-wet-gr-ods,Schesir,Schesir Adult Cat με Τόνο & Κολοκύθα σε Ζωμό,cat,wet,needs_review,kcal_per_100g_or_kcal_per_kg|data_source_url_or_official_evidence|protein_percent|fat_percent|fiber_percent,C:/Users/NIOstb/Desktop/photo_foods_nutritail/Schesir - Gheda Marketplace.ods,0,"Attach official URL or label photo, verify extracted nutrients/ingredients, then preview in Food V2 before commit.",Marketplace ODS extraction; rows stay in review because provenance is uploaded ODS only.
schesir-schesir-adult-cat-με-τονο-σε-ζωμο-cat-wet-gr-ods,Schesir,Schesir Adult Cat με Τόνο σε Ζωμό,cat,wet,needs_review,kcal_per_100g_or_kcal_per_kg|data_source_url_or_official_evidence|protein_percent|fat_percent|fiber_percent,C:/Users/NIOstb/Desktop/photo_foods_nutritail/Schesir - Gheda Marketplace.ods,0,"Attach official URL or label photo, verify extracted nutrients/ingredients, then preview in Food V2 before commit.",Marketplace ODS extraction; rows stay in review because provenance is uploaded ODS only.
schesir-schesir-fruit-adult-cat-με-κοτοπουλο-ανανα-cat-wet-gr-ods,Schesir,Schesir Fruit Adult Cat με Κοτόπουλο & Ανανά,cat,wet,needs_review,kcal_per_100g_or_kcal_per_kg|data_source_url_or_official_evidence,C:/Users/NIOstb/Desktop/photo_foods_nutritail/Schesir - Gheda Marketplace.ods,0,"Attach official URL or label photo, verify extracted nutrients/ingredients, then preview in Food V2 before commit.",Marketplace ODS extraction; rows stay in review because provenance is uploaded ODS only.
schesir-schesir-fruit-adult-cat-με-κοτοπουλο-μηλο-cat-wet-gr-ods,Schesir,Schesir Fruit Adult Cat με Κοτόπουλο & Μήλο,cat,wet,needs_review,kcal_per_100g_or_kcal_per_kg|data_source_url_or_official_evidence|protein_percent,C:/Users/NIOstb/Desktop/photo_foods_nutritail/Schesir - Gheda Marketplace.ods,0,"Attach official URL or label photo, verify extracted nutrients/ingredients, then preview in Food V2 before commit.",Marketplace ODS extraction; rows stay in review because provenance is uploaded ODS only.
schesir-schesir-fruit-adult-cat-με-τονο-ανανα-cat-wet-gr-ods,Schesir,Schesir Fruit Adult Cat με Τόνο & Ανανά,cat,wet,needs_review,kcal_per_100g_or_kcal_per_kg|data_source_url_or_official_evidence,C:/Users/NIOstb/Desktop/photo_foods_nutritail/Schesir - Gheda Marketplace.ods,0,"Attach official URL or label photo, verify extracted nutrients/ingredients, then preview in Food V2 before commit.",Marketplace ODS extraction; rows stay in review because provenance is uploaded ODS only.
schesir-schesir-fruit-adult-cat-με-τονο-μανγκο-cat-wet-gr-ods,Schesir,Schesir Fruit Adult Cat με Τόνο & Μάνγκο,cat,wet,needs_review,kcal_per_100g_or_kcal_per_kg|data_source_url_or_official_evidence,C:/Users/NIOstb/Desktop/photo_foods_nutritail/Schesir - Gheda Marketplace.ods,0,"Attach official URL or label photo, verify extracted nutrients/ingredients, then preview in Food V2 before commit.",Marketplace ODS extraction; rows stay in review because provenance is uploaded ODS only.
schesir-schesir-adult-cat-με-κοτοπουλο-σουριμι-σε-ζελε-cat-wet-gr-ods,Schesir,Schesir Adult Cat με Κοτόπουλο & Σουρίμι σε Ζελέ,cat,wet,needs_review,kcal_per_100g_or_kcal_per_kg|data_source_url_or_official_evidence,C:/Users/NIOstb/Desktop/photo_foods_nutritail/Schesir - Gheda Marketplace.ods,0,"Attach official URL or label photo, verify extracted nutrients/ingredients, then preview in Food V2 before commit.",Marketplace ODS extraction; rows stay in review because provenance is uploaded ODS only.
schesir-schesir-adult-cat-με-τονος-αλγη-σε-ζελε-cat-wet-gr-ods,Schesir,Schesir Adult Cat με Τόνος & Άλγη σε Ζελέ,cat,wet,needs_review,kcal_per_100g_or_kcal_per_kg|data_source_url_or_official_evidence,C:/Users/NIOstb/Desktop/photo_foods_nutritail/Schesir - Gheda Marketplace.ods,0,"Attach official URL or label photo, verify extracted nutrients/ingredients, then preview in Food V2 before commit.",Marketplace ODS extraction; rows stay in review because provenance is uploaded ODS only.
schesir-schesir-adult-cat-με-τονος-αλοη-σε-ζελε-cat-wet-gr-ods,Schesir,Schesir Adult Cat με Τόνος & Αλόη σε Ζελέ,cat,wet,needs_review,kcal_per_100g_or_kcal_per_kg|data_source_url_or_official_evidence,C:/Users/NIOstb/Desktop/photo_foods_nutritail/Schesir - Gheda Marketplace.ods,0,"Attach official URL or label photo, verify extracted nutrients/ingredients, then preview in Food V2 before commit.",Marketplace ODS extraction; rows stay in review because provenance is uploaded ODS only.
schesir-schesir-adult-cat-με-τονος-κοτοπουλο-σε-ζελε-cat-wet-gr-ods,Schesir,Schesir Adult Cat με Τόνος & Κοτόπουλο σε Ζελέ,cat,wet,needs_review,kcal_per_100g_or_kcal_per_kg|data_source_url_or_official_evidence,C:/Users/NIOstb/Desktop/photo_foods_nutritail/Schesir - Gheda Marketplace.ods,0,"Attach official URL or label photo, verify extracted nutrients/ingredients, then preview in Food V2 before commit.",Marketplace ODS extraction; rows stay in review because provenance is uploaded ODS only.
schesir-schesir-adult-cat-με-τονος-μοσχαρι-σε-ζελε-cat-wet-gr-ods,Schesir,Schesir Adult Cat με Τόνος & Μοσχάρι σε Ζελέ,cat,wet,needs_review,kcal_per_100g_or_kcal_per_kg|data_source_url_or_official_evidence,C:/Users/NIOstb/Desktop/photo_foods_nutritail/Schesir - Gheda Marketplace.ods,0,"Attach official URL or label photo, verify extracted nutrients/ingredients, then preview in Food V2 before commit.",Marketplace ODS extraction; rows stay in review because provenance is uploaded ODS only.
schesir-schesir-adult-cat-με-τονος-σουριμι-σε-ζελε-cat-wet-gr-ods,Schesir,Schesir Adult Cat με Τόνος & Σουρίμι σε Ζελέ,cat,wet,needs_review,kcal_per_100g_or_kcal_per_kg|data_source_url_or_official_evidence,C:/Users/NIOstb/Desktop/photo_foods_nutritail/Schesir - Gheda Marketplace.ods,0,"Attach official URL or label photo, verify extracted nutrients/ingredients, then preview in Food V2 before commit.",Marketplace ODS extraction; rows stay in review because provenance is uploaded ODS only.
schesir-schesir-adult-cat-σε-ζελε-με-τονο-συναγριδα-cat-wet-gr-ods,Schesir,Schesir Adult Cat σε Ζελέ με Τόνο & Συναγρίδα,cat,wet,needs_review,kcal_per_100g_or_kcal_per_kg|data_source_url_or_official_evidence|protein_percent|fat_percent|fiber_percent,C:/Users/NIOstb/Desktop/photo_foods_nutritail/Schesir - Gheda Marketplace.ods,0,"Attach official URL or label photo, verify extracted nutrients/ingredients, then preview in Food V2 before commit.",Marketplace ODS extraction; rows stay in review because provenance is uploaded ODS only.
schesir-schesir-adult-cat-σε-ζελε-με-τονο-cat-wet-gr-ods,Schesir,Schesir Adult Cat σε Ζελέ με Τόνο,cat,wet,needs_review,kcal_per_100g_or_kcal_per_kg|data_source_url_or_official_evidence,C:/Users/NIOstb/Desktop/photo_foods_nutritail/Schesir - Gheda Marketplace.ods,0,"Attach official URL or label photo, verify extracted nutrients/ingredients, then preview in Food V2 before commit.",Marketplace ODS extraction; rows stay in review because provenance is uploaded ODS only.
schesir-schesir-adult-cat-σε-ζελε-με-τονο-ζαμπον-cat-wet-gr-ods,Schesir,Schesir Adult Cat σε Ζελέ με Τόνο & Ζαμπόν,cat,wet,needs_review,kcal_per_100g_or_kcal_per_kg|data_source_url_or_official_evidence,C:/Users/NIOstb/Desktop/photo_foods_nutritail/Schesir - Gheda Marketplace.ods,0,"Attach official URL or label photo, verify extracted nutrients/ingredients, then preview in Food V2 before commit.",Marketplace ODS extraction; rows stay in review because provenance is uploaded ODS only.
schesir-schesir-adult-cat-σε-ζελε-με-τονο-γαριδες-cat-wet-gr-ods,Schesir,Schesir Adult Cat σε Ζελέ με Τόνο & Γαρίδες,cat,wet,needs_review,kcal_per_100g_or_kcal_per_kg|data_source_url_or_official_evidence,C:/Users/NIOstb/Desktop/photo_foods_nutritail/Schesir - Gheda Marketplace.ods,0,"Attach official URL or label photo, verify extracted nutrients/ingredients, then preview in Food V2 before commit.",Marketplace ODS extraction; rows stay in review because provenance is uploaded ODS only.
schesir-schesir-adult-cat-φιλετακια-σε-ζελε-με-κοτοπουλο-ζαμπον-cat-wet-gr-ods,Schesir,Schesir Adult Cat Φιλετάκια σε Ζελέ με Κοτόπουλο & Ζαμπόν,cat,wet,needs_review,kcal_per_100g_or_kcal_per_kg|data_source_url_or_official_evidence,C:/Users/NIOstb/Desktop/photo_foods_nutritail/Schesir - Gheda Marketplace.ods,0,"Attach official URL or label photo, verify extracted nutrients/ingredients, then preview in Food V2 before commit.",Marketplace ODS extraction; rows stay in review because provenance is uploaded ODS only.
schesir-schesir-adult-cat-φιλετακια-σε-ζελε-με-κοτοπουλο-cat-wet-gr-ods,Schesir,Schesir Adult Cat Φιλετάκια σε Ζελέ με Κοτόπουλο,cat,wet,needs_review,kcal_per_100g_or_kcal_per_kg|data_source_url_or_official_evidence,C:/Users/NIOstb/Desktop/photo_foods_nutritail/Schesir - Gheda Marketplace.ods,0,"Attach official URL or label photo, verify extracted nutrients/ingredients, then preview in Food V2 before commit.",Marketplace ODS extraction; rows stay in review because provenance is uploaded ODS only.
schesir-schesir-kitten-φιλετακια-σε-ζελε-με-κοτοπουλο-αλοη-cat-wet-gr-ods,Schesir,Schesir Kitten Φιλετάκια σε Ζελέ με Κοτόπουλο & Αλόη,cat,wet,needs_review,kcal_per_100g_or_kcal_per_kg|data_source_url_or_official_evidence,C:/Users/NIOstb/Desktop/photo_foods_nutritail/Schesir - Gheda Marketplace.ods,0,"Attach official URL or label photo, verify extracted nutrients/ingredients, then preview in Food V2 before commit.",Marketplace ODS extraction; rows stay in review because provenance is uploaded ODS only.
schesir-schesir-adult-cat-σε-ζωμο-με-φυσικο-κοτοπουλο-ρυζι-cat-wet-gr-ods,Schesir,Schesir Adult Cat σε Ζωμό με φυσικό Κοτόπουλο & Ρύζι,cat,wet,needs_review,kcal_per_100g_or_kcal_per_kg|data_source_url_or_official_evidence,C:/Users/NIOstb/Desktop/photo_foods_nutritail/Schesir - Gheda Marketplace.ods,0,"Attach official URL or label photo, verify extracted nutrients/ingredients, then preview in Food V2 before commit.",Marketplace ODS extraction; rows stay in review because provenance is uploaded ODS only.
schesir-schesir-adult-cat-σε-σαλτσα-με-τονο-τσιπουρα-cat-wet-gr-ods,Schesir,Schesir Adult Cat σε Σάλτσα με Τόνο & Τσιπούρα,cat,wet,needs_review,kcal_per_100g_or_kcal_per_kg|data_source_url_or_official_evidence,C:/Users/NIOstb/Desktop/photo_foods_nutritail/Schesir - Gheda Marketplace.ods,0,"Attach official URL or label photo, verify extracted nutrients/ingredients, then preview in Food V2 before commit.",Marketplace ODS extraction; rows stay in review because provenance is uploaded ODS only.
schesir-schesir-adult-cat-σε-ζωμο-με-κοτοπουλο-μοσχαρι-ρυζι-cat-wet-gr-ods,Schesir,Schesir Adult Cat σε Ζωμό με Κοτόπουλο Μοσχάρι & Ρύζι,cat,wet,needs_review,kcal_per_100g_or_kcal_per_kg|data_source_url_or_official_evidence,C:/Users/NIOstb/Desktop/photo_foods_nutritail/Schesir - Gheda Marketplace.ods,0,"Attach official URL or label photo, verify extracted nutrients/ingredients, then preview in Food V2 before commit.",Marketplace ODS extraction; rows stay in review because provenance is uploaded ODS only.
schesir-schesir-adult-cat-σε-ζωμο-με-φυσικο-σολομο-cat-wet-gr-ods,Schesir,Schesir Adult Cat σε Ζωμό με φυσικό Σολομό,cat,wet,needs_review,kcal_per_100g_or_kcal_per_kg|data_source_url_or_official_evidence,C:/Users/NIOstb/Desktop/photo_foods_nutritail/Schesir - Gheda Marketplace.ods,0,"Attach official URL or label photo, verify extracted nutrients/ingredients, then preview in Food V2 before commit.",Marketplace ODS extraction; rows stay in review because provenance is uploaded ODS only.
schesir-schesir-adult-cat-σε-ζωμο-με-φυσικο-τονο-αθερινα-ρυζι-cat-wet-gr-ods,Schesir,Schesir Adult Cat σε Ζωμό με φυσικό Τόνο Αθερινα & Ρύζι,cat,wet,needs_review,kcal_per_100g_or_kcal_per_kg|data_source_url_or_official_evidence,C:/Users/NIOstb/Desktop/photo_foods_nutritail/Schesir - Gheda Marketplace.ods,0,"Attach official URL or label photo, verify extracted nutrients/ingredients, then preview in Food V2 before commit.",Marketplace ODS extraction; rows stay in review because provenance is uploaded ODS only.
schesir-schesir-adult-cat-σε-ζωμο-με-φυσικο-τονο-κοτοπουλο-ρυζι-cat-wet-gr-ods,Schesir,Schesir Adult Cat σε Ζωμό με φυσικό Τόνο Κοτόπουλο & Ρύζι,cat,wet,needs_review,kcal_per_100g_or_kcal_per_kg|data_source_url_or_official_evidence,C:/Users/NIOstb/Desktop/photo_foods_nutritail/Schesir - Gheda Marketplace.ods,0,"Attach official URL or label photo, verify extracted nutrients/ingredients, then preview in Food V2 before commit.",Marketplace ODS extraction; rows stay in review because provenance is uploaded ODS only.
schesir-schesir-adult-cat-σε-ζωμο-με-φυσικο-τονο-μοσχαρι-ρυζι-cat-wet-gr-ods,Schesir,Schesir Adult Cat σε Ζωμό με φυσικό Τόνο Μοσχάρι & Ρύζι,cat,wet,needs_review,kcal_per_100g_or_kcal_per_kg|data_source_url_or_official_evidence,C:/Users/NIOstb/Desktop/photo_foods_nutritail/Schesir - Gheda Marketplace.ods,0,"Attach official URL or label photo, verify extracted nutrients/ingredients, then preview in Food V2 before commit.",Marketplace ODS extraction; rows stay in review because provenance is uploaded ODS only.
schesir-schesir-adult-cat-σε-ζωμο-με-φυσικο-τονο-cat-wet-gr-ods,Schesir,Schesir Adult Cat σε Ζωμό με φυσικό Τόνο,cat,wet,needs_review,kcal_per_100g_or_kcal_per_kg|data_source_url_or_official_evidence,C:/Users/NIOstb/Desktop/photo_foods_nutritail/Schesir - Gheda Marketplace.ods,0,"Attach official URL or label photo, verify extracted nutrients/ingredients, then preview in Food V2 before commit.",Marketplace ODS extraction; rows stay in review because provenance is uploaded ODS only.
schesir-schesir-adult-cat-φιλετακια-σε-ζωμο-με-φυσικο-κοτοπουλο-cat-wet-gr-ods,Schesir,Schesir Adult Cat Φιλετάκια σε Ζωμό με φυσικό Κοτόπουλο,cat,wet,needs_review,kcal_per_100g_or_kcal_per_kg|data_source_url_or_official_evidence,C:/Users/NIOstb/Desktop/photo_foods_nutritail/Schesir - Gheda Marketplace.ods,0,"Attach official URL or label photo, verify extracted nutrients/ingredients, then preview in Food V2 before commit.",Marketplace ODS extraction; rows stay in review because provenance is uploaded ODS only.
schesir-schesir-adult-cat-κομματακια-σε-ζελε-με-τονο-κινοα-cat-wet-gr-ods,Schesir,Schesir Adult Cat Κομματάκια σε Ζελέ με Τόνο & Κινόα,cat,wet,needs_review,kcal_per_100g_or_kcal_per_kg|data_source_url_or_official_evidence,C:/Users/NIOstb/Desktop/photo_foods_nutritail/Schesir - Gheda Marketplace.ods,0,"Attach official URL or label photo, verify extracted nutrients/ingredients, then preview in Food V2 before commit.",Marketplace ODS extraction; rows stay in review because provenance is uploaded ODS only.
schesir-schesir-adult-cat-κομματακια-σε-ζελε-με-τονο-κοτοπουλο-γαριδα-cat-wet-gr-ods,Schesir,Schesir Adult Cat Κομματάκια σε Ζελέ με Τόνο Κοτόπουλο & Γαρίδα,cat,wet,needs_review,kcal_per_100g_or_kcal_per_kg|data_source_url_or_official_evidence,C:/Users/NIOstb/Desktop/photo_foods_nutritail/Schesir - Gheda Marketplace.ods,0,"Attach official URL or label photo, verify extracted nutrients/ingredients, then preview in Food V2 before commit.",Marketplace ODS extraction; rows stay in review because provenance is uploaded ODS only.
schesir-schesir-adult-cat-κομματακια-σε-ζελε-με-τονο-λαυρακι-cat-wet-gr-ods,Schesir,Schesir Adult Cat Κομματάκια σε Ζελέ με Τόνο & Λαυράκι,cat,wet,needs_review,kcal_per_100g_or_kcal_per_kg|data_source_url_or_official_evidence,C:/Users/NIOstb/Desktop/photo_foods_nutritail/Schesir - Gheda Marketplace.ods,0,"Attach official URL or label photo, verify extracted nutrients/ingredients, then preview in Food V2 before commit.",Marketplace ODS extraction; rows stay in review because provenance is uploaded ODS only.
schesir-schesir-adult-cat-σε-ζελε-με-τονο-σολομο-cat-wet-gr-ods,Schesir,Schesir Adult Cat σε Ζελέ με Τόνο & Σολομό,cat,wet,needs_review,kcal_per_100g_or_kcal_per_kg|data_source_url_or_official_evidence,C:/Users/NIOstb/Desktop/photo_foods_nutritail/Schesir - Gheda Marketplace.ods,0,"Attach official URL or label photo, verify extracted nutrients/ingredients, then preview in Food V2 before commit.",Marketplace ODS extraction; rows stay in review because provenance is uploaded ODS only.
schesir-schesir-adult-cat-σε-ζελε-με-τονο-σφυριδα-cat-wet-gr-ods,Schesir,Schesir Adult Cat σε Ζελέ με Τόνο & Σφυρίδα,cat,wet,needs_review,kcal_per_100g_or_kcal_per_kg|data_source_url_or_official_evidence|protein_percent|fat_percent|fiber_percent,C:/Users/NIOstb/Desktop/photo_foods_nutritail/Schesir - Gheda Marketplace.ods,0,"Attach official URL or label photo, verify extracted nutrients/ingredients, then preview in Food V2 before commit.",Marketplace ODS extraction; rows stay in review because provenance is uploaded ODS only.
schesir-schesir-adult-cat-φιλετακια-σε-φυσικο-νερο-με-κοτοπουλο-γαριδες-cat-wet-gr-ods,Schesir,Schesir Adult Cat Φιλετάκια σε φυσικό νερό με Κοτόπουλο & Γαρίδες,cat,wet,needs_review,kcal_per_100g_or_kcal_per_kg|data_source_url_or_official_evidence,C:/Users/NIOstb/Desktop/photo_foods_nutritail/Schesir - Gheda Marketplace.ods,0,"Attach official URL or label photo, verify extracted nutrients/ingredients, then preview in Food V2 before commit.",Marketplace ODS extraction; rows stay in review because provenance is uploaded ODS only.
schesir-schesir-adult-cat-φιλετακια-σε-φυσικο-νερο-με-τονο-cat-wet-gr-ods,Schesir,Schesir Adult Cat Φιλετάκια σε φυσικό νερό με Τόνο,cat,wet,needs_review,kcal_per_100g_or_kcal_per_kg|data_source_url_or_official_evidence,C:/Users/NIOstb/Desktop/photo_foods_nutritail/Schesir - Gheda Marketplace.ods,0,"Attach official URL or label photo, verify extracted nutrients/ingredients, then preview in Food V2 before commit.",Marketplace ODS extraction; rows stay in review because provenance is uploaded ODS only.
schesir-schesir-adult-cat-φιλετακια-σε-φυσικο-νερο-με-τονο-αθερινα-cat-wet-gr-ods,Schesir,Schesir Adult Cat Φιλετάκια σε φυσικό νερό με Τόνο & Αθερίνα,cat,wet,needs_review,kcal_per_100g_or_kcal_per_kg|data_source_url_or_official_evidence,C:/Users/NIOstb/Desktop/photo_foods_nutritail/Schesir - Gheda Marketplace.ods,0,"Attach official URL or label photo, verify extracted nutrients/ingredients, then preview in Food V2 before commit.",Marketplace ODS extraction; rows stay in review because provenance is uploaded ODS only.
schesir-schesir-adult-cat-φιλετακια-σε-φυσικο-νερο-με-τονο-βοδινο-cat-wet-gr-ods,Schesir,Schesir Adult Cat Φιλετάκια σε φυσικό νερό με Τόνο & Βοδινό,cat,wet,needs_review,kcal_per_100g_or_kcal_per_kg|data_source_url_or_official_evidence,C:/Users/NIOstb/Desktop/photo_foods_nutritail/Schesir - Gheda Marketplace.ods,0,"Attach official URL or label photo, verify extracted nutrients/ingredients, then preview in Food V2 before commit.",Marketplace ODS extraction; rows stay in review because provenance is uploaded ODS only.
schesir-schesir-adult-cat-φιλετακια-σε-φυσικο-νερο-με-τονο-ζαμπον-cat-wet-gr-ods,Schesir,Schesir Adult Cat Φιλετάκια σε φυσικό νερό με Τόνο & Ζαμπόν,cat,wet,needs_review,kcal_per_100g_or_kcal_per_kg|data_source_url_or_official_evidence,C:/Users/NIOstb/Desktop/photo_foods_nutritail/Schesir - Gheda Marketplace.ods,1,"Attach official URL or label photo, verify extracted nutrients/ingredients, then preview in Food V2 before commit.",Marketplace ODS extraction; rows stay in review because provenance is uploaded ODS only.
schesir-schesir-adult-cat-φιλετακια-σε-φυσικο-νερο-με-κοτοπουλο-ρυζι-cat-wet-gr-ods,Schesir,Schesir Adult Cat Φιλετάκια σε φυσικό νερό με Κοτόπουλο & Ρύζι,cat,wet,needs_review,kcal_per_100g_or_kcal_per_kg|data_source_url_or_official_evidence,C:/Users/NIOstb/Desktop/photo_foods_nutritail/Schesir - Gheda Marketplace.ods,0,"Attach official URL or label photo, verify extracted nutrients/ingredients, then preview in Food V2 before commit.",Marketplace ODS extraction; rows stay in review because provenance is uploaded ODS only.
schesir-schesir-sterilised-cat-με-κοτοπουλο-cat-dry-gr-ods,Schesir,Schesir Sterilised Cat με Κοτόπουλο,cat,dry,needs_review,data_source_url_or_official_evidence|protein_percent|fat_percent|fiber_percent,C:/Users/NIOstb/Desktop/photo_foods_nutritail/Schesir - Gheda Marketplace.ods,3,"Attach official URL or label photo, verify extracted nutrients/ingredients, then preview in Food V2 before commit.",Marketplace ODS extraction; rows stay in review because provenance is uploaded ODS only.
schesir-schesir-senior-cat-με-κοτοπουλο-cat-dry-gr-ods,Schesir,Schesir Senior Cat με Κοτόπουλο,cat,dry,needs_review,data_source_url_or_official_evidence,C:/Users/NIOstb/Desktop/photo_foods_nutritail/Schesir - Gheda Marketplace.ods,0,"Attach official URL or label photo, verify extracted nutrients/ingredients, then preview in Food V2 before commit.",Marketplace ODS extraction; rows stay in review because provenance is uploaded ODS only.
schesir-schesir-kitten-με-κοτοπουλο-cat-dry-gr-ods,Schesir,Schesir Kitten με Κοτόπουλο,cat,dry,needs_review,data_source_url_or_official_evidence|protein_percent|fat_percent|fiber_percent,C:/Users/NIOstb/Desktop/photo_foods_nutritail/Schesir - Gheda Marketplace.ods,0,"Attach official URL or label photo, verify extracted nutrients/ingredients, then preview in Food V2 before commit.",Marketplace ODS extraction; rows stay in review because provenance is uploaded ODS only.
schesir-schesir-adult-cat-με-κοτοπουλο-cat-dry-gr-ods,Schesir,Schesir Adult Cat με Κοτόπουλο,cat,dry,needs_review,kcal_per_100g_or_kcal_per_kg|data_source_url_or_official_evidence|protein_percent|fat_percent|fiber_percent,C:/Users/NIOstb/Desktop/photo_foods_nutritail/Schesir - Gheda Marketplace.ods,1,"Attach official URL or label photo, verify extracted nutrients/ingredients, then preview in Food V2 before commit.",Marketplace ODS extraction; rows stay in review because provenance is uploaded ODS only.
schesir-schesir-adult-cat-με-ψαρι-cat-dry-gr-ods,Schesir,Schesir Adult Cat με Ψάρι,cat,dry,needs_review,data_source_url_or_official_evidence|protein_percent|fat_percent|fiber_percent,C:/Users/NIOstb/Desktop/photo_foods_nutritail/Schesir - Gheda Marketplace.ods,0,"Attach official URL or label photo, verify extracted nutrients/ingredients, then preview in Food V2 before commit.",Marketplace ODS extraction; rows stay in review because provenance is uploaded ODS only.
schesir-schesir-adult-cat-με-προσουτο-cat-dry-gr-ods,Schesir,Schesir Adult Cat με Προσούτο,cat,dry,needs_review,data_source_url_or_official_evidence|protein_percent|fat_percent|fiber_percent,C:/Users/NIOstb/Desktop/photo_foods_nutritail/Schesir - Gheda Marketplace.ods,0,"Attach official URL or label photo, verify extracted nutrients/ingredients, then preview in Food V2 before commit.",Marketplace ODS extraction; rows stay in review because provenance is uploaded ODS only.
schesir-schesir-adult-cat-με-αρνι-cat-dry-gr-ods,Schesir,Schesir Adult Cat με Αρνί,cat,dry,needs_review,data_source_url_or_official_evidence|protein_percent|fat_percent|fiber_percent,C:/Users/NIOstb/Desktop/photo_foods_nutritail/Schesir - Gheda Marketplace.ods,1,"Attach official URL or label photo, verify extracted nutrients/ingredients, then preview in Food V2 before commit.",Marketplace ODS extraction; rows stay in review because provenance is uploaded ODS only.
schesir-schesir-sterilised-cat-με-προσουτο-cat-dry-gr-ods,Schesir,Schesir Sterilised Cat με Προσούτο,cat,dry,needs_review,data_source_url_or_official_evidence|protein_percent|fat_percent|fiber_percent,C:/Users/NIOstb/Desktop/photo_foods_nutritail/Schesir - Gheda Marketplace.ods,0,"Attach official URL or label photo, verify extracted nutrients/ingredients, then preview in Food V2 before commit.",Marketplace ODS extraction; rows stay in review because provenance is uploaded ODS only.
chat-chat-chat-chat-expert-adult-με-κοτοπουλο-αρακα-cat-dry-gr-ods,Chat & Chat,Chat & Chat Expert Adult με Κοτόπουλο & Αρακά,cat,dry,needs_review,kcal_per_100g_or_kcal_per_kg|data_source_url_or_official_evidence,C:/Users/NIOstb/Desktop/photo_foods_nutritail/Schesir - Gheda Marketplace.ods,0,"Attach official URL or label photo, verify extracted nutrients/ingredients, then preview in Food V2 before commit.",Marketplace ODS extraction; rows stay in review because provenance is uploaded ODS only.
unica-classe-unica-classe-adult-sterilized-cat-hairball-με-αρνι-cat-dry-gr-ods,Unica Classe,Unica Classe Adult Sterilized Cat Hairball με Αρνί,cat,dry,needs_review,kcal_per_100g_or_kcal_per_kg|data_source_url_or_official_evidence,C:/Users/NIOstb/Desktop/photo_foods_nutritail/Schesir - Gheda Marketplace.ods,2,"Attach official URL or label photo, verify extracted nutrients/ingredients, then preview in Food V2 before commit.",Marketplace ODS extraction; rows stay in review because provenance is uploaded ODS only.
unica-classe-unica-classe-kitten-development-με-κοτοπουλο-cat-dry-gr-ods,Unica Classe,Unica Classe Kitten Development με Κοτόπουλο,cat,dry,needs_review,kcal_per_100g_or_kcal_per_kg|data_source_url_or_official_evidence,C:/Users/NIOstb/Desktop/photo_foods_nutritail/Schesir - Gheda Marketplace.ods,1,"Attach official URL or label photo, verify extracted nutrients/ingredients, then preview in Food V2 before commit.",Marketplace ODS extraction; rows stay in review because provenance is uploaded ODS only.
unica-classe-unica-classe-adult-sterilized-cat-lightness-με-παπια-cat-dry-gr-ods,Unica Classe,Unica Classe Adult Sterilized Cat Lightness με Πάπια,cat,dry,needs_review,kcal_per_100g_or_kcal_per_kg|data_source_url_or_official_evidence,C:/Users/NIOstb/Desktop/photo_foods_nutritail/Schesir - Gheda Marketplace.ods,1,"Attach official URL or label photo, verify extracted nutrients/ingredients, then preview in Food V2 before commit.",Marketplace ODS extraction; rows stay in review because provenance is uploaded ODS only.
schesir-schesir-adult-cat-τονο-με-αθερινα-σε-ζελε-cat-wet-gr-ods,Schesir,Schesir Adult Cat Τόνο με Αθερίνα σε Ζελέ,cat,wet,needs_review,kcal_per_100g_or_kcal_per_kg|data_source_url_or_official_evidence,C:/Users/NIOstb/Desktop/photo_foods_nutritail/Schesir - Gheda Marketplace.ods,0,"Attach official URL or label photo, verify extracted nutrients/ingredients, then preview in Food V2 before commit.",Marketplace ODS extraction; rows stay in review because provenance is uploaded ODS only.
unica-classe-unica-classe-adult-cat-star-πατε-με-τονο-cat-wet-gr-ods,Unica Classe,Unica Classe Adult Cat Star Πατέ με Τόνο,cat,wet,needs_review,kcal_per_100g_or_kcal_per_kg|data_source_url_or_official_evidence,C:/Users/NIOstb/Desktop/photo_foods_nutritail/Schesir - Gheda Marketplace.ods,0,"Attach official URL or label photo, verify extracted nutrients/ingredients, then preview in Food V2 before commit.",Marketplace ODS extraction; rows stay in review because provenance is uploaded ODS only.
unica-classe-unica-classe-adult-cat-exigent-delicate-πατε-με-σολομο-cat-wet-gr-ods,Unica Classe,Unica Classe Adult Cat Exigent Delicate Πατέ με Σολομό,cat,wet,needs_review,kcal_per_100g_or_kcal_per_kg|data_source_url_or_official_evidence,C:/Users/NIOstb/Desktop/photo_foods_nutritail/Schesir - Gheda Marketplace.ods,0,"Attach official URL or label photo, verify extracted nutrients/ingredients, then preview in Food V2 before commit.",Marketplace ODS extraction; rows stay in review because provenance is uploaded ODS only.
unica-classe-unica-classe-adult-sterilized-cat-sensitive-με-τονο-cat-dry-gr-ods,Unica Classe,Unica Classe Adult Sterilized Cat Sensitive με Τόνο,cat,dry,needs_review,kcal_per_100g_or_kcal_per_kg|data_source_url_or_official_evidence|protein_percent|fat_percent|fiber_percent,C:/Users/NIOstb/Desktop/photo_foods_nutritail/Schesir - Gheda Marketplace.ods,0,"Attach official URL or label photo, verify extracted nutrients/ingredients, then preview in Food V2 before commit.",Marketplace ODS extraction; rows stay in review because provenance is uploaded ODS only.
unica-classe-unica-classe-adult-cat-luxury-πατε-με-κοτοπουλο-cat-wet-gr-ods,Unica Classe,Unica Classe Adult Cat Luxury Πατέ με Κοτόπουλο,cat,wet,needs_review,kcal_per_100g_or_kcal_per_kg|data_source_url_or_official_evidence,C:/Users/NIOstb/Desktop/photo_foods_nutritail/Schesir - Gheda Marketplace.ods,0,"Attach official URL or label photo, verify extracted nutrients/ingredients, then preview in Food V2 before commit.",Marketplace ODS extraction; rows stay in review because provenance is uploaded ODS only.
unica-classe-unica-classe-adult-cat-luxury-πατε-με-αρνι-cat-wet-gr-ods,Unica Classe,Unica Classe Adult Cat Luxury Πατέ με Αρνί,cat,wet,needs_review,kcal_per_100g_or_kcal_per_kg|data_source_url_or_official_evidence,C:/Users/NIOstb/Desktop/photo_foods_nutritail/Schesir - Gheda Marketplace.ods,0,"Attach official URL or label photo, verify extracted nutrients/ingredients, then preview in Food V2 before commit.",Marketplace ODS extraction; rows stay in review because provenance is uploaded ODS only.
